{
    "data": {
        "header": {
            "title":"Reactとメタ言語の比較",
            "text": "以前作ったメタ言語スターターキットの内容をReact環境で再現してみる"
        },
        "main": {
            "title":"タイトルです",
            "text": "テキストです。テキストです。テキストですったらテキストです。"
        },
        "inner": [
            {
            "title": "CSS（文字色）",
            "text": "CSSでタイトルの文字色変更。"
            },
            {
            "title":"JS（文字列）",
            "text": "JSでテキストの文字列追加「<span class='inner__text--hello'></span>」"
            }
        ],
        "footer": {
            "text":"©️ react-from-meta-lang"
        }
    }
}